index,Job Title,Salary Estimate,Job Description,Rating,Company Name,Location,Headquarters,Size,Founded,Type of ownership,Industry,Sector,Revenue,Competitors
0,,,,3.1,,,-1,-1,1993,-1,-1,-1,-1,-1
1,,,,4.2,,,-1,-1,1968,-1,-1,-1,-1,-1
2,,,,3.8,,,-1,-1,1981,-1,-1,-1,-1,-1
3,,,,3.5,,,-1,-1,2000,-1,-1,-1,-1,-1
4,,,,2.9,,,-1,-1,1998,-1,-1,-1,-1,-1
5,,,,4.2,,,-1,-1,2010,-1,-1,-1,-1,-1
6,,,,3.9,,,-1,-1,1996,-1,-1,-1,-1,-1
7,,,,3.5,,,-1,-1,1990,-1,-1,-1,-1,-1
8,,,,4.4,,,-1,-1,1983,-1,-1,-1,-1,-1
9,,,,3.6,,,-1,-1,2014,-1,-1,-1,-1,-1
10,,,,4.5,,,-1,-1,2012,-1,-1,-1,-1,-1
11,,,,4.7,,,-1,-1,2016,-1,-1,-1,-1,-1
12,,,,3.7,,,-1,-1,1965,-1,-1,-1,-1,-1
13,,,,3.1,,,-1,-1,1973,-1,-1,-1,-1,-1
14,,,,3.4,,,-1,-1,1986,-1,-1,-1,-1,-1
15,,,,4.4,,,-1,-1,1997,-1,-1,-1,-1,-1
16,,,,4.1,,,-1,-1,2015,-1,-1,-1,-1,-1
17,,,,3.5,,,-1,-1,1945,-1,-1,-1,-1,-1
18,,,,4.2,,,-1,-1,1988,-1,-1,-1,-1,-1
19,,,,3.5,,,-1,-1,2017,-1,-1,-1,-1,-1
20,,,,3.2,,,-1,-1,2015,-1,-1,-1,-1,-1
21,,,,4.3,,,-1,-1,2011,-1,-1,-1,-1,-1
22,,,,3.5,,,-1,-1,1967,-1,-1,-1,-1,-1
23,,,,3.5,,,-1,-1,1860,-1,-1,-1,-1,-1
24,,,,3.4,,,-1,-1,1992,-1,-1,-1,-1,-1
25,,,,4.7,,,-1,-1,2003,-1,-1,-1,-1,-1
26,,,,4.2,,,-1,-1,1996,-1,-1,-1,-1,-1
27,,,,3.8,,,-1,-1,1951,-1,-1,-1,-1,-1
28,,,,4.5,,,-1,-1,2005,-1,-1,-1,-1,-1
29,,,,2.8,,,-1,-1,2015,-1,-1,-1,-1,-1
30,,,,3.8,,,-1,-1,1981,-1,-1,-1,-1,-1
31,,,,3.9,,,-1,-1,1996,-1,-1,-1,-1,-1
32,,,,5.0,,,-1,-1,2019,-1,-1,-1,-1,-1
33,,,,4.8,,,-1,-1,1925,-1,-1,-1,-1,-1
34,,,,3.6,,,-1,-1,2008,-1,-1,-1,-1,-1
35,,,,3.3,,,-1,-1,1999,-1,-1,-1,-1,-1
36,,,,2.7,,,-1,-1,1978,-1,-1,-1,-1,-1
37,,,,2.7,,,-1,-1,2000,-1,-1,-1,-1,-1
38,,,,2.2,,,-1,-1,2000,-1,-1,-1,-1,-1
39,,,,3.4,,,-1,-1,1966,-1,-1,-1,-1,-1
40,,,,3.1,,,-1,-1,1973,-1,-1,-1,-1,-1
41,,,,3.4,,,-1,-1,1912,-1,-1,-1,-1,-1
42,,,,2.6,,,-1,-1,1958,-1,-1,-1,-1,-1
43,,,,5.0,,,-1,-1,2019,-1,-1,-1,-1,-1
44,,,,4.2,,,-1,-1,2013,-1,-1,-1,-1,-1
45,,,,4.1,,,-1,-1,1849,-1,-1,-1,-1,-1
46,,,,4.8,,,-1,-1,2012,-1,-1,-1,-1,-1
47,,,,3.3,,,-1,-1,2000,-1,-1,-1,-1,-1
48,,,,3.7,,,-1,-1,2016,-1,-1,-1,-1,-1
49,,,,4.3,,,-1,-1,1999,-1,-1,-1,-1,-1
50,,,,4.8,,,-1,-1,2014,-1,-1,-1,-1,-1
51,,,,3.7,,,-1,-1,1781,-1,-1,-1,-1,-1
52,,,,4.0,,,-1,-1,2012,-1,-1,-1,-1,-1
53,,,,4.8,,,-1,-1,2003,-1,-1,-1,-1,-1
54,,,,3.5,,,-1,-1,1999,-1,-1,-1,-1,-1
55,,,,3.7,,,-1,-1,1926,-1,-1,-1,-1,-1
56,,,,3.5,,,-1,-1,2012,-1,-1,-1,-1,-1
57,,,,4.1,,,-1,-1,2006,-1,-1,-1,-1,-1
58,,,,3.2,,,-1,-1,2011,-1,-1,-1,-1,-1
59,,,,4.5,,,-1,-1,1994,-1,-1,-1,-1,-1
60,,,,3.8,,,-1,-1,1863,-1,-1,-1,-1,-1
61,,,,4.5,,,-1,-1,2010,-1,-1,-1,-1,-1
62,,,,3.5,,,-1,-1,1990,-1,-1,-1,-1,-1
63,,,,4.2,,,-1,-1,2010,-1,-1,-1,-1,-1
64,,,,3.8,,,-1,-1,1986,-1,-1,-1,-1,-1
65,,,,3.7,,,-1,-1,1995,-1,-1,-1,-1,-1
66,,,,3.7,,,-1,-1,2012,-1,-1,-1,-1,-1
67,,,,4.0,,,-1,-1,2006,-1,-1,-1,-1,-1
68,,,,3.3,,,-1,-1,2015,-1,-1,-1,-1,-1
69,,,,2.5,,,-1,-1,-1,-1,-1,-1,-1,-1
70,,,,4.2,,,-1,-1,2006,-1,-1,-1,-1,-1
71,,,,3.3,,,-1,-1,2015,-1,-1,-1,-1,-1
72,,,,4.0,,,-1,-1,1982,-1,-1,-1,-1,-1
73,,,,3.7,,,-1,-1,1925,-1,-1,-1,-1,-1
74,,,,4.9,,,-1,-1,1974,-1,-1,-1,-1,-1
75,,,,3.4,,,-1,-1,2001,-1,-1,-1,-1,-1
76,,,,3.1,,,-1,-1,1993,-1,-1,-1,-1,-1
77,,,,3.5,,,-1,-1,2019,-1,-1,-1,-1,-1
78,,,,2.9,,,-1,-1,1985,-1,-1,-1,-1,-1
79,,,,3.3,,,-1,-1,2003,-1,-1,-1,-1,-1
80,,,,4.0,,,-1,-1,1913,-1,-1,-1,-1,-1
81,,,,3.6,,,-1,-1,2001,-1,-1,-1,-1,-1
82,,,,4.7,,,-1,-1,1996,-1,-1,-1,-1,-1
83,,,,4.9,,,-1,-1,2016,-1,-1,-1,-1,-1
84,,,,4.3,,,-1,-1,1999,-1,-1,-1,-1,-1
85,,,,4.0,,,-1,-1,2010,-1,-1,-1,-1,-1
86,,,,2.6,,,-1,-1,1971,-1,-1,-1,-1,-1
87,,,,4.5,,,-1,-1,2003,-1,-1,-1,-1,-1
88,,,,4.8,,,-1,-1,2012,-1,-1,-1,-1,-1
89,,,,3.9,,,-1,-1,1911,-1,-1,-1,-1,-1
90,,,,4.0,,,-1,-1,1913,-1,-1,-1,-1,-1
91,,,,4.4,,,-1,-1,1999,-1,-1,-1,-1,-1
92,,,,4.2,,,-1,-1,1968,-1,-1,-1,-1,-1
93,,,,3.6,,,-1,-1,1997,-1,-1,-1,-1,-1
94,,,,3.4,,,-1,-1,1986,-1,-1,-1,-1,-1
95,,,,4.4,,,-1,-1,1983,-1,-1,-1,-1,-1
96,,,,3.5,,,-1,-1,2015,-1,-1,-1,-1,-1
97,,,,3.9,,,-1,-1,1911,-1,-1,-1,-1,-1
98,,,,3.8,,,-1,-1,2009,-1,-1,-1,-1,-1
99,,,,3.5,,,-1,-1,1959,-1,-1,-1,-1,-1
100,,,,4.9,,,-1,-1,2013,-1,-1,-1,-1,-1
101,,,,4.4,,,-1,-1,2007,-1,-1,-1,-1,-1
102,,,,4.1,,,-1,-1,2012,-1,-1,-1,-1,-1
103,,,,4.0,,,-1,-1,1982,-1,-1,-1,-1,-1
104,,,,4.4,,,-1,-1,1983,-1,-1,-1,-1,-1
105,,,,3.8,,,-1,-1,1973,-1,-1,-1,-1,-1
106,,,,3.2,,,-1,-1,1981,-1,-1,-1,-1,-1
107,,,,2.9,,,-1,-1,2011,-1,-1,-1,-1,-1
108,,,,4.1,,,-1,-1,1939,-1,-1,-1,-1,-1
109,,,,3.7,,,-1,-1,2013,-1,-1,-1,-1,-1
110,,,,3.2,,,-1,-1,1967,-1,-1,-1,-1,-1
111,,,,4.9,,,-1,-1,2013,-1,-1,-1,-1,-1
112,,,,3.5,,,-1,-1,-1,-1,-1,-1,-1,-1
113,,,,5.0,,,-1,-1,2016,-1,-1,-1,-1,-1
114,,,,4.0,,,-1,-1,1996,-1,-1,-1,-1,-1
115,,,,3.6,,,-1,-1,2016,-1,-1,-1,-1,-1
116,,,,4.0,,,-1,-1,2002,-1,-1,-1,-1,-1
117,,,,3.2,,,-1,-1,1967,-1,-1,-1,-1,-1
118,,,,5.0,,,-1,-1,2019,-1,-1,-1,-1,-1
119,,,,4.8,,,-1,-1,2000,-1,-1,-1,-1,-1
120,,,,4.5,,,-1,-1,2006,-1,-1,-1,-1,-1
121,,,,4.7,,,-1,-1,2015,-1,-1,-1,-1,-1
122,,,,4.5,,,-1,-1,2012,-1,-1,-1,-1,-1
123,,,,4.2,,,-1,-1,2006,-1,-1,-1,-1,-1
124,,,,3.4,,,-1,-1,2006,-1,-1,-1,-1,-1
125,,,,3.8,,,-1,-1,1996,-1,-1,-1,-1,-1
126,,,,4.7,,,-1,-1,2016,-1,-1,-1,-1,-1
127,,,,3.6,,,-1,-1,2014,-1,-1,-1,-1,-1
128,,,,4.2,,,-1,-1,2006,-1,-1,-1,-1,-1
129,,,,3.8,,,-1,-1,1996,-1,-1,-1,-1,-1
130,,,,5.0,,,-1,-1,2016,-1,-1,-1,-1,-1
131,,,,4.9,,,-1,-1,2011,-1,-1,-1,-1,-1
132,,,,4.4,,,-1,-1,2003,-1,-1,-1,-1,-1
133,,,,3.3,,,-1,-1,2012,-1,-1,-1,-1,-1
134,,,,3.2,,,-1,-1,2015,-1,-1,-1,-1,-1
135,,,,3.2,,,-1,-1,2015,-1,-1,-1,-1,-1
136,,,,4.9,,,-1,-1,2011,-1,-1,-1,-1,-1
137,,,,4.2,,,-1,-1,2012,-1,-1,-1,-1,-1
138,,,,4.5,,,-1,-1,1994,-1,-1,-1,-1,-1
139,,,,4.8,,,-1,-1,2012,-1,-1,-1,-1,-1
140,,,,3.8,,,-1,-1,1997,-1,-1,-1,-1,-1
141,,,,3.7,,,-1,-1,2001,-1,-1,-1,-1,-1
142,,,,3.3,,,-1,-1,2013,-1,-1,-1,-1,-1
143,,,,3.3,,,-1,-1,1958,-1,-1,-1,-1,-1
144,,,,5.0,,,-1,-1,2013,-1,-1,-1,-1,-1
145,,,,3.8,,,-1,-1,2013,-1,-1,-1,-1,-1
146,,,,3.4,,,-1,-1,1982,-1,-1,-1,-1,-1
147,,,,2.4,,,-1,-1,2006,-1,-1,-1,-1,-1
148,,,,2.9,,,-1,-1,2000,-1,-1,-1,-1,-1
149,,,,4.4,,,-1,-1,1967,-1,-1,-1,-1,-1
150,,,,2.9,,,-1,-1,2016,-1,-1,-1,-1,-1
151,,,,2.7,,,-1,-1,1961,-1,-1,-1,-1,-1
152,,,,4.2,,,-1,-1,2002,-1,-1,-1,-1,-1
153,,,,3.5,,,-1,-1,1995,-1,-1,-1,-1,-1
154,,,,-1.0,,,-1,-1,-1,-1,-1,-1,-1,-1
155,,,,4.2,,,-1,-1,1963,-1,-1,-1,-1,-1
156,,,,4.5,,,-1,-1,2012,-1,-1,-1,-1,-1
157,,,,4.4,,,-1,-1,1997,-1,-1,-1,-1,-1
158,,,,-1.0,,,-1,-1,-1,-1,-1,-1,-1,-1
159,,,,3.5,,,-1,-1,1969,-1,-1,-1,-1,-1
160,,,,4.5,,,-1,-1,2006,-1,-1,-1,-1,-1
161,,,,4.1,,,-1,-1,1946,-1,-1,-1,-1,-1
162,,,,3.5,,,-1,-1,-1,-1,-1,-1,-1,-1
163,,,,2.7,,,-1,-1,1997,-1,-1,-1,-1,-1
164,,,,3.4,,,-1,-1,1996,-1,-1,-1,-1,-1
165,,,,4.4,,,-1,-1,2015,-1,-1,-1,-1,-1
166,,,,4.0,,,-1,-1,1982,-1,-1,-1,-1,-1
167,,,,4.2,,,-1,-1,1968,-1,-1,-1,-1,-1
168,,,,3.5,,,-1,-1,1957,-1,-1,-1,-1,-1
169,,,,2.3,,,-1,-1,2003,-1,-1,-1,-1,-1
170,,,,3.4,,,-1,-1,1946,-1,-1,-1,-1,-1
171,,,,3.3,,,-1,-1,2015,-1,-1,-1,-1,-1
172,,,,4.7,,,-1,-1,2009,-1,-1,-1,-1,-1
173,,,,3.9,,,-1,-1,2014,-1,-1,-1,-1,-1
174,,,,3.3,,,-1,-1,1953,-1,-1,-1,-1,-1
175,,,,3.3,,,-1,-1,2015,-1,-1,-1,-1,-1
176,,,,4.4,,,-1,-1,1998,-1,-1,-1,-1,-1
177,,,,3.7,,,-1,-1,1965,-1,-1,-1,-1,-1
178,,,,3.5,,,-1,-1,1945,-1,-1,-1,-1,-1
179,,,,3.6,,,-1,-1,1967,-1,-1,-1,-1,-1
180,,,,3.8,,,-1,-1,2013,-1,-1,-1,-1,-1
181,,,,4.7,,,-1,-1,1997,-1,-1,-1,-1,-1
182,,,,3.5,,,-1,-1,1948,-1,-1,-1,-1,-1
183,,,,3.3,,,-1,-1,1850,-1,-1,-1,-1,-1
184,,,,3.9,,,-1,-1,2008,-1,-1,-1,-1,-1
185,,,,3.7,,,-1,-1,1851,-1,-1,-1,-1,-1
186,,,,3.9,,,-1,-1,2004,-1,-1,-1,-1,-1
187,,,,4.0,,,-1,-1,1976,-1,-1,-1,-1,-1
188,,,,4.2,,,-1,-1,2010,-1,-1,-1,-1,-1
189,,,,3.6,,,-1,-1,1995,-1,-1,-1,-1,-1
190,,,,4.7,,,-1,-1,1999,-1,-1,-1,-1,-1
191,,,,4.1,,,-1,-1,2011,-1,-1,-1,-1,-1
192,,,,4.0,,,-1,-1,1913,-1,-1,-1,-1,-1
193,,,,5.0,,,-1,-1,-1,-1,-1,-1,-1,-1
194,,,,4.0,,,-1,-1,1913,-1,-1,-1,-1,-1
195,,,,4.3,,,-1,-1,-1,-1,-1,-1,-1,-1
196,,,,3.8,,,-1,-1,1918,-1,-1,-1,-1,-1
197,,,,3.8,,,-1,-1,2013,-1,-1,-1,-1,-1
198,,,,4.6,,,-1,-1,1992,-1,-1,-1,-1,-1
199,,,,4.1,,,-1,-1,2015,-1,-1,-1,-1,-1
200,,,,3.4,,,-1,-1,1992,-1,-1,-1,-1,-1
201,,,,4.1,,,-1,-1,2008,-1,-1,-1,-1,-1
202,,,,3.7,,,-1,-1,1954,-1,-1,-1,-1,-1
203,,,,4.4,,,-1,-1,2008,-1,-1,-1,-1,-1
204,,,,3.9,,,-1,-1,1996,-1,-1,-1,-1,-1
205,,,,3.6,,,-1,-1,2001,-1,-1,-1,-1,-1
206,,,,4.5,,,-1,-1,2012,-1,-1,-1,-1,-1
207,,,,3.7,,,-1,-1,1999,-1,-1,-1,-1,-1
208,,,,2.9,,,-1,-1,1996,-1,-1,-1,-1,-1
209,,,,5.0,,,-1,-1,2011,-1,-1,-1,-1,-1
210,,,,3.4,,,-1,-1,1990,-1,-1,-1,-1,-1
211,,,,3.5,,,-1,-1,-1,-1,-1,-1,-1,-1
212,,,,5.0,,,-1,-1,2011,-1,-1,-1,-1,-1
213,,,,4.8,,,-1,-1,2012,-1,-1,-1,-1,-1
214,,,,3.9,,,-1,-1,1947,-1,-1,-1,-1,-1
215,,,,4.0,,,-1,-1,1913,-1,-1,-1,-1,-1
216,,,,4.3,,,-1,-1,2010,-1,-1,-1,-1,-1
217,,,,3.5,,,-1,-1,1996,-1,-1,-1,-1,-1
218,,,,3.7,,,-1,-1,1851,-1,-1,-1,-1,-1
219,,,,3.3,,,-1,-1,2015,-1,-1,-1,-1,-1
220,,,,3.1,,,-1,-1,1955,-1,-1,-1,-1,-1
221,,,,4.3,,,-1,-1,2011,-1,-1,-1,-1,-1
222,,,,4.2,,,-1,-1,1996,-1,-1,-1,-1,-1
223,,,,4.4,,,-1,-1,1998,-1,-1,-1,-1,-1
224,,,,3.6,,,-1,-1,2014,-1,-1,-1,-1,-1
225,,,,4.5,,,-1,-1,2008,-1,-1,-1,-1,-1
226,,,,3.0,,,-1,-1,1999,-1,-1,-1,-1,-1
227,,,,5.0,,,-1,-1,2018,-1,-1,-1,-1,-1
228,,,,3.6,,,-1,-1,1967,-1,-1,-1,-1,-1
229,,,,3.6,,,-1,-1,1937,-1,-1,-1,-1,-1
230,,,,-1.0,,,-1,-1,-1,-1,-1,-1,-1,-1
231,,,,3.8,,,-1,-1,2013,-1,-1,-1,-1,-1
232,,,,3.3,,,-1,-1,1850,-1,-1,-1,-1,-1
233,,,,3.8,,,-1,-1,2017,-1,-1,-1,-1,-1
234,,,,3.5,,,-1,-1,1948,-1,-1,-1,-1,-1
235,,,,3.3,,,-1,-1,1971,-1,-1,-1,-1,-1
236,,,,4.6,,,-1,-1,-1,-1,-1,-1,-1,-1
237,,,,3.8,,,-1,-1,1998,-1,-1,-1,-1,-1
238,,,,3.9,,,-1,-1,2008,-1,-1,-1,-1,-1
239,,,,3.9,,,-1,-1,-1,-1,-1,-1,-1,-1
240,,,,4.7,,,-1,-1,2003,-1,-1,-1,-1,-1
241,,,,4.8,,,-1,-1,1925,-1,-1,-1,-1,-1
242,,,,3.1,,,-1,-1,2000,-1,-1,-1,-1,-1
243,,,,3.6,,,-1,-1,2006,-1,-1,-1,-1,-1
244,,,,5.0,,,-1,-1,2009,-1,-1,-1,-1,-1
245,,,,3.7,,,-1,-1,1973,-1,-1,-1,-1,-1
246,,,,3.7,,,-1,-1,2011,-1,-1,-1,-1,-1
247,,,,3.9,,,-1,-1,2000,-1,-1,-1,-1,-1
248,,,,4.3,,,-1,-1,-1,-1,-1,-1,-1,-1
249,,,,4.2,,,-1,-1,1983,-1,-1,-1,-1,-1
250,,,,3.7,,,-1,-1,1851,-1,-1,-1,-1,-1
251,,,,4.0,,,-1,-1,-1,-1,-1,-1,-1,-1
252,,,,3.3,,,-1,-1,1917,-1,-1,-1,-1,-1
253,,,,4.1,,,-1,-1,1935,-1,-1,-1,-1,-1
254,,,,3.3,,,-1,-1,2007,-1,-1,-1,-1,-1
255,,,,3.9,,,-1,-1,2009,-1,-1,-1,-1,-1
256,,,,3.1,,,-1,-1,1929,-1,-1,-1,-1,-1
257,,,,4.2,,,-1,-1,2010,-1,-1,-1,-1,-1
258,,,,5.0,,,-1,-1,-1,-1,-1,-1,-1,-1
259,,,,2.9,,,-1,-1,1998,-1,-1,-1,-1,-1
260,,,,4.7,,,-1,-1,1999,-1,-1,-1,-1,-1
261,,,,3.6,,,-1,-1,1995,-1,-1,-1,-1,-1
262,,,,3.8,,,-1,-1,1951,-1,-1,-1,-1,-1
263,,,,3.3,,,-1,-1,1999,-1,-1,-1,-1,-1
264,,,,3.7,,,-1,-1,1965,-1,-1,-1,-1,-1
265,,,,3.8,,,-1,-1,1981,-1,-1,-1,-1,-1
266,,,,3.2,,,-1,-1,1820,-1,-1,-1,-1,-1
267,,,,4.6,,,-1,-1,2010,-1,-1,-1,-1,-1
268,,,,3.5,,,-1,-1,1995,-1,-1,-1,-1,-1
269,,,,5.0,,,-1,-1,2018,-1,-1,-1,-1,-1
270,,,,4.1,,,-1,-1,2011,-1,-1,-1,-1,-1
271,,,,4.1,,,-1,-1,1981,-1,-1,-1,-1,-1
272,,,,3.5,,,-1,-1,1963,-1,-1,-1,-1,-1
273,,,,3.2,,,-1,-1,2011,-1,-1,-1,-1,-1
274,,,,5.0,,,-1,-1,-1,-1,-1,-1,-1,-1
275,,,,4.7,,,-1,-1,1952,-1,-1,-1,-1,-1
276,,,,3.8,,,-1,-1,1932,-1,-1,-1,-1,-1
277,,,,3.6,,,-1,-1,1947,-1,-1,-1,-1,-1
278,,,,4.8,,,-1,-1,2012,-1,-1,-1,-1,-1
279,,,,3.3,,,-1,-1,1894,-1,-1,-1,-1,-1
280,,,,3.7,,,-1,-1,2005,-1,-1,-1,-1,-1
281,,,,5.0,,,-1,-1,2018,-1,-1,-1,-1,-1
282,,,,-1.0,,,-1,-1,-1,-1,-1,-1,-1,-1
283,,,,3.4,,,-1,-1,1966,-1,-1,-1,-1,-1
284,,,,5.0,,,-1,-1,2019,-1,-1,-1,-1,-1
285,,,,-1.0,,,-1,-1,-1,-1,-1,-1,-1,-1
286,,,,4.0,,,-1,-1,1913,-1,-1,-1,-1,-1
287,,,,4.2,,,-1,-1,1917,-1,-1,-1,-1,-1
288,,,,4.3,,,-1,-1,-1,-1,-1,-1,-1,-1
289,,,,3.4,,,-1,-1,1960,-1,-1,-1,-1,-1
290,,,,-1.0,,,-1,-1,-1,-1,-1,-1,-1,-1
291,,,,4.4,,,-1,-1,2006,-1,-1,-1,-1,-1
292,,,,3.5,,,-1,-1,1969,-1,-1,-1,-1,-1
293,,,,3.7,,,-1,-1,1993,-1,-1,-1,-1,-1
294,,,,3.7,,,-1,-1,-1,-1,-1,-1,-1,-1
295,,,,4.1,,,-1,-1,-1,-1,-1,-1,-1,-1
296,,,,3.4,,,-1,-1,2017,-1,-1,-1,-1,-1
297,,,,4.5,,,-1,-1,2017,-1,-1,-1,-1,-1
298,,,,3.5,,,-1,-1,1990,-1,-1,-1,-1,-1
299,,,,3.6,,,-1,-1,2007,-1,-1,-1,-1,-1
300,,,,3.2,,,-1,-1,1788,-1,-1,-1,-1,-1
301,,,,3.7,,,-1,-1,2000,-1,-1,-1,-1,-1
302,,,,4.0,,,-1,-1,1992,-1,-1,-1,-1,-1
303,,,,3.2,,,-1,-1,2015,-1,-1,-1,-1,-1
304,,,,4.5,,,-1,-1,2005,-1,-1,-1,-1,-1
305,,,,3.4,,,-1,-1,2013,-1,-1,-1,-1,-1
306,,,,3.9,,,-1,-1,2004,-1,-1,-1,-1,-1
307,,,,3.2,,,-1,-1,-1,-1,-1,-1,-1,-1
308,,,,5.0,,,-1,-1,-1,-1,-1,-1,-1,-1
309,,,,3.4,,,-1,-1,2003,-1,-1,-1,-1,-1
310,,,,4.4,,,-1,-1,2015,-1,-1,-1,-1,-1
311,,,,3.8,,,-1,-1,1918,-1,-1,-1,-1,-1
312,,,,3.8,,,-1,-1,2013,-1,-1,-1,-1,-1
313,,,,3.5,,,-1,-1,1992,-1,-1,-1,-1,-1
314,,,,3.8,,,-1,-1,2011,-1,-1,-1,-1,-1
315,,,,3.9,,,-1,-1,2005,-1,-1,-1,-1,-1
316,,,,3.4,,,-1,-1,-1,-1,-1,-1,-1,-1
317,,,,3.8,,,-1,-1,2000,-1,-1,-1,-1,-1
318,,,,4.6,,,-1,-1,1992,-1,-1,-1,-1,-1
319,,,,-1.0,,,-1,-1,-1,-1,-1,-1,-1,-1
320,,,,4.6,,,-1,-1,-1,-1,-1,-1,-1,-1
321,,,,3.9,,,-1,-1,1830,-1,-1,-1,-1,-1
322,,,,-1.0,,,-1,-1,-1,-1,-1,-1,-1,-1
323,,,,3.7,,,-1,-1,2016,-1,-1,-1,-1,-1
324,,,,3.3,,,-1,-1,2000,-1,-1,-1,-1,-1
325,,,,4.4,,,-1,-1,2008,-1,-1,-1,-1,-1
326,,,,3.7,,,-1,-1,1997,-1,-1,-1,-1,-1
327,,,,3.3,,,-1,-1,1995,-1,-1,-1,-1,-1
328,,,,3.4,,,-1,-1,1984,-1,-1,-1,-1,-1
329,,,,-1.0,,,-1,-1,-1,-1,-1,-1,-1,-1
330,,,,3.7,,,-1,-1,1954,-1,-1,-1,-1,-1
331,,,,3.7,,,-1,-1,1933,-1,-1,-1,-1,-1
332,,,,4.8,,,-1,-1,2000,-1,-1,-1,-1,-1
333,,,,5.0,,,-1,-1,2003,-1,-1,-1,-1,-1
334,,,,3.9,,,-1,-1,1996,-1,-1,-1,-1,-1
335,,,,3.4,,,-1,-1,-1,-1,-1,-1,-1,-1
336,,,,3.3,,,-1,-1,1880,-1,-1,-1,-1,-1
337,,,,4.6,,,-1,-1,1999,-1,-1,-1,-1,-1
338,,,,-1.0,,,-1,-1,-1,-1,-1,-1,-1,-1
339,,,,2.6,,,-1,-1,1984,-1,-1,-1,-1,-1
340,,,,3.8,,,-1,-1,1986,-1,-1,-1,-1,-1
341,,,,4.8,,,-1,-1,2011,-1,-1,-1,-1,-1
342,,,,3.9,,,-1,-1,2012,-1,-1,-1,-1,-1
343,,,,4.0,,,-1,-1,2012,-1,-1,-1,-1,-1
344,,,,4.2,,,-1,-1,2013,-1,-1,-1,-1,-1
345,,,,3.7,,,-1,-1,1999,-1,-1,-1,-1,-1
346,,,,3.0,,,-1,-1,1887,-1,-1,-1,-1,-1
347,,,,3.5,,,-1,-1,1970,-1,-1,-1,-1,-1
348,,,,2.9,,,-1,-1,-1,-1,-1,-1,-1,-1
349,,,,5.0,,,-1,-1,2014,-1,-1,-1,-1,-1
350,,,,4.7,,,-1,-1,2002,-1,-1,-1,-1,-1
351,,,,-1.0,,,-1,-1,-1,-1,-1,-1,-1,-1
352,,,,4.5,,,-1,-1,1942,-1,-1,-1,-1,-1
353,,,,4.9,,,-1,-1,2010,-1,-1,-1,-1,-1
354,,,,4.6,,,-1,-1,2002,-1,-1,-1,-1,-1
355,,,,5.0,,,-1,-1,2011,-1,-1,-1,-1,-1
356,,,,3.9,,,-1,-1,2012,-1,-1,-1,-1,-1
357,,,,-1.0,,,-1,-1,-1,-1,-1,-1,-1,-1
358,,,,-1.0,,,-1,-1,-1,-1,-1,-1,-1,-1
359,,,,-1.0,,,-1,-1,-1,-1,-1,-1,-1,-1
360,,,,-1.0,,,-1,-1,-1,-1,-1,-1,-1,-1
361,,,,-1.0,,,-1,-1,-1,-1,-1,-1,-1,-1
362,,,,-1.0,,,-1,-1,-1,-1,-1,-1,-1,-1
363,,,,3.5,,,-1,-1,-1,-1,-1,-1,-1,-1
364,,,,4.3,,,-1,-1,1999,-1,-1,-1,-1,-1
365,,,,3.7,,,-1,-1,1781,-1,-1,-1,-1,-1
366,,,,3.5,,,-1,-1,-1,-1,-1,-1,-1,-1
367,,,,3.9,,,-1,-1,1947,-1,-1,-1,-1,-1
368,,,,4.7,,,-1,-1,2008,-1,-1,-1,-1,-1
369,,,,4.8,,,-1,-1,2012,-1,-1,-1,-1,-1
370,,,,4.0,,,-1,-1,1913,-1,-1,-1,-1,-1
371,,,,4.4,,,-1,-1,-1,-1,-1,-1,-1,-1
372,,,,3.2,,,-1,-1,2018,-1,-1,-1,-1,-1
373,,,,4.5,,,-1,-1,1980,-1,-1,-1,-1,-1
374,,,,3.5,,,-1,-1,2003,-1,-1,-1,-1,-1
375,,,,4.4,,,-1,-1,1989,-1,-1,-1,-1,-1
376,,,,3.1,,,-1,-1,2001,-1,-1,-1,-1,-1
377,,,,3.5,,,-1,-1,2011,-1,-1,-1,-1,-1
378,,,,3.8,,,-1,-1,1999,-1,-1,-1,-1,-1
379,,,,3.7,,,-1,-1,1908,-1,-1,-1,-1,-1
380,,,,3.5,,,-1,-1,1996,-1,-1,-1,-1,-1
381,,,,3.7,,,-1,-1,1851,-1,-1,-1,-1,-1
382,,,,5.0,,,-1,-1,2003,-1,-1,-1,-1,-1
383,,,,4.0,,,-1,-1,1853,-1,-1,-1,-1,-1
384,,,,3.6,,,-1,-1,2011,-1,-1,-1,-1,-1
385,,,,4.8,,,-1,-1,2012,-1,-1,-1,-1,-1
386,,,,3.8,,,-1,-1,2009,-1,-1,-1,-1,-1
387,,,,3.6,,,-1,-1,1978,-1,-1,-1,-1,-1
388,,,,-1.0,,,-1,-1,-1,-1,-1,-1,-1,-1
389,,,,-1.0,,,-1,-1,-1,-1,-1,-1,-1,-1
390,,,,3.3,,,-1,-1,2015,-1,-1,-1,-1,-1
391,,,,4.1,,,-1,-1,1981,-1,-1,-1,-1,-1
392,,,,3.6,,,-1,-1,-1,-1,-1,-1,-1,-1
393,,,,4.5,,,-1,-1,2005,-1,-1,-1,-1,-1
394,,,,3.3,,,-1,-1,2015,-1,-1,-1,-1,-1
395,,,,3.4,,,-1,-1,1912,-1,-1,-1,-1,-1
396,,,,4.3,,,-1,-1,1996,-1,-1,-1,-1,-1
397,,,,3.5,,,-1,-1,-1,-1,-1,-1,-1,-1
398,,,,4.0,,,-1,-1,1974,-1,-1,-1,-1,-1
399,,,,4.5,,,-1,-1,2010,-1,-1,-1,-1,-1
400,,,,4.5,,,-1,-1,2012,-1,-1,-1,-1,-1
401,,,,3.9,,,-1,-1,1933,-1,-1,-1,-1,-1
402,,,,4.0,,,-1,-1,1995,-1,-1,-1,-1,-1
403,,,,3.6,,,-1,-1,1994,-1,-1,-1,-1,-1
404,,,,3.3,,,-1,-1,1875,-1,-1,-1,-1,-1
405,,,,5.0,,,-1,-1,2016,-1,-1,-1,-1,-1
406,,,,4.1,,,-1,-1,2006,-1,-1,-1,-1,-1
407,,,,3.2,,,-1,-1,2011,-1,-1,-1,-1,-1
408,,,,4.9,,,-1,-1,2010,-1,-1,-1,-1,-1
409,,,,-1.0,,,-1,-1,-1,-1,-1,-1,-1,-1
410,,,,3.3,,,-1,-1,2018,-1,-1,-1,-1,-1
411,,,,-1.0,,,-1,-1,2005,-1,-1,-1,-1,-1
412,,,,5.0,,,-1,-1,-1,-1,-1,-1,-1,-1
413,,,,3.4,,,-1,-1,-1,-1,-1,-1,-1,-1
414,,,,4.1,,,-1,-1,-1,-1,-1,-1,-1,-1
415,,,,5.0,,,-1,-1,2014,-1,-1,-1,-1,-1
416,,,,4.2,,,-1,-1,1999,-1,-1,-1,-1,-1
417,,,,3.7,,,-1,-1,1914,-1,-1,-1,-1,-1
418,,,,3.8,,,-1,-1,1898,-1,-1,-1,-1,-1
419,,,,4.8,,,-1,-1,2010,-1,-1,-1,-1,-1
420,,,,3.5,,,-1,-1,1948,-1,-1,-1,-1,-1
421,,,,4.6,,,-1,-1,1992,-1,-1,-1,-1,-1
422,,,,4.5,,,-1,-1,-1,-1,-1,-1,-1,-1
423,,,,3.9,,,-1,-1,2005,-1,-1,-1,-1,-1
424,,,,3.4,,,-1,-1,-1,-1,-1,-1,-1,-1
425,,,,-1.0,,,-1,-1,-1,-1,-1,-1,-1,-1
426,,,,4.1,,,-1,-1,2008,-1,-1,-1,-1,-1
427,,,,3.7,,,-1,-1,2012,-1,-1,-1,-1,-1
428,,,,3.5,,,-1,-1,2012,-1,-1,-1,-1,-1
429,,,,4.6,,,-1,-1,-1,-1,-1,-1,-1,-1
430,,,,-1.0,,,-1,-1,-1,-1,-1,-1,-1,-1
431,,,,-1.0,,,-1,-1,-1,-1,-1,-1,-1,-1
432,,,,4.4,,,-1,-1,2008,-1,-1,-1,-1,-1
433,,,,3.6,,,-1,-1,-1,-1,-1,-1,-1,-1
434,,,,3.1,,,-1,-1,1956,-1,-1,-1,-1,-1
435,,,,5.0,,,-1,-1,-1,-1,-1,-1,-1,-1
436,,,,5.0,,,-1,-1,2018,-1,-1,-1,-1,-1
437,,,,-1.0,,,-1,-1,-1,-1,-1,-1,-1,-1
438,,,,-1.0,,,-1,-1,-1,-1,-1,-1,-1,-1
439,,,,3.5,,,-1,-1,2014,-1,-1,-1,-1,-1
440,,,,-1.0,,,-1,-1,-1,-1,-1,-1,-1,-1
441,,,,5.0,,,-1,-1,-1,-1,-1,-1,-1,-1
442,,,,2.7,,,-1,-1,2007,-1,-1,-1,-1,-1
443,,,,4.1,,,-1,-1,1977,-1,-1,-1,-1,-1
444,,,,2.1,,,-1,-1,2019,-1,-1,-1,-1,-1
445,,,,4.8,,,-1,-1,2000,-1,-1,-1,-1,-1
446,,,,4.5,,,-1,-1,1994,-1,-1,-1,-1,-1
447,,,,4.0,,,-1,-1,1982,-1,-1,-1,-1,-1
448,,,,3.3,,,-1,-1,-1,-1,-1,-1,-1,-1
449,,,,3.9,,,-1,-1,1996,-1,-1,-1,-1,-1
450,,,,3.2,,,-1,-1,2007,-1,-1,-1,-1,-1
451,,,,3.2,,,-1,-1,2009,-1,-1,-1,-1,-1
452,,,,3.7,,,-1,-1,1911,-1,-1,-1,-1,-1
453,,,,4.4,,,-1,-1,2007,-1,-1,-1,-1,-1
454,,,,3.1,,,-1,-1,2009,-1,-1,-1,-1,-1
455,,,,3.3,,,-1,-1,1880,-1,-1,-1,-1,-1
456,,,,3.5,,,-1,-1,2006,-1,-1,-1,-1,-1
457,,,,-1.0,,,-1,-1,-1,-1,-1,-1,-1,-1
458,,,,2.6,,,-1,-1,1984,-1,-1,-1,-1,-1
459,,,,-1.0,,,-1,-1,-1,-1,-1,-1,-1,-1
460,,,,2.7,,,-1,-1,1968,-1,-1,-1,-1,-1
461,,,,3.5,,,-1,-1,2009,-1,-1,-1,-1,-1
462,,,,3.2,,,-1,-1,-1,-1,-1,-1,-1,-1
463,,,,3.8,,,-1,-1,1986,-1,-1,-1,-1,-1
464,,,,4.2,,,-1,-1,-1,-1,-1,-1,-1,-1
465,,,,4.8,,,-1,-1,2011,-1,-1,-1,-1,-1
466,,,,4.2,,,-1,-1,1989,-1,-1,-1,-1,-1
467,,,,3.3,,,-1,-1,2015,-1,-1,-1,-1,-1
468,,,,4.0,,,-1,-1,2006,-1,-1,-1,-1,-1
469,,,,3.9,,,-1,-1,2012,-1,-1,-1,-1,-1
470,,,,3.7,,,-1,-1,1999,-1,-1,-1,-1,-1
471,,,,3.9,,,-1,-1,2004,-1,-1,-1,-1,-1
472,,,,3.5,,,-1,-1,1970,-1,-1,-1,-1,-1
473,,,,4.0,,,-1,-1,2012,-1,-1,-1,-1,-1
474,,,,3.0,,,-1,-1,1887,-1,-1,-1,-1,-1
475,,,,3.7,,,-1,-1,2000,-1,-1,-1,-1,-1
476,,,,4.5,,,-1,-1,-1,-1,-1,-1,-1,-1
477,,,,2.8,,,-1,-1,1987,-1,-1,-1,-1,-1
478,,,,4.1,,,-1,-1,-1,-1,-1,-1,-1,-1
479,,,,2.9,,,-1,-1,1996,-1,-1,-1,-1,-1
480,,,,4.7,,,-1,-1,2002,-1,-1,-1,-1,-1
481,,,,3.4,,,-1,-1,1998,-1,-1,-1,-1,-1
482,,,,3.9,,,-1,-1,1995,-1,-1,-1,-1,-1
483,,,,2.9,,,-1,-1,1985,-1,-1,-1,-1,-1
484,,,,4.5,,,-1,-1,1942,-1,-1,-1,-1,-1
485,,,,4.9,,,-1,-1,2010,-1,-1,-1,-1,-1
486,,,,5.0,,,-1,-1,2011,-1,-1,-1,-1,-1
487,,,,3.3,,,-1,-1,2015,-1,-1,-1,-1,-1
488,,,,3.5,,,-1,-1,2019,-1,-1,-1,-1,-1
489,,,,3.5,,,-1,-1,2010,-1,-1,-1,-1,-1
490,,,,4.0,,,-1,-1,-1,-1,-1,-1,-1,-1
491,,,,3.9,,,-1,-1,2012,-1,-1,-1,-1,-1
492,,,,3.4,,,-1,-1,1990,-1,-1,-1,-1,-1
493,,,,3.5,,,-1,-1,1969,-1,-1,-1,-1,-1
494,,,,4.7,,,-1,-1,-1,-1,-1,-1,-1,-1
495,,,,-1.0,,,-1,-1,-1,-1,-1,-1,-1,-1
496,,,,-1.0,,,-1,-1,-1,-1,-1,-1,-1,-1
497,,,,-1.0,,,-1,-1,-1,-1,-1,-1,-1,-1
498,,,,-1.0,,,-1,-1,-1,-1,-1,-1,-1,-1
499,,,,-1.0,,,-1,-1,-1,-1,-1,-1,-1,-1
500,,,,-1.0,,,-1,-1,-1,-1,-1,-1,-1,-1
501,,,,4.6,,,-1,-1,1988,-1,-1,-1,-1,-1
502,,,,4.0,,,-1,-1,1999,-1,-1,-1,-1,-1
503,,,,4.0,,,-1,-1,-1,-1,-1,-1,-1,-1
504,,,,-1.0,,,-1,-1,-1,-1,-1,-1,-1,-1
505,,,,4.7,,,-1,-1,1994,-1,-1,-1,-1,-1
506,,,,3.5,,,-1,-1,1998,-1,-1,-1,-1,-1
507,,,,5.0,,,-1,-1,2011,-1,-1,-1,-1,-1
508,,,,4.1,,,-1,-1,1896,-1,-1,-1,-1,-1
509,,,,4.0,,,-1,-1,1913,-1,-1,-1,-1,-1
510,,,,3.6,,,-1,-1,2002,-1,-1,-1,-1,-1
511,,,,5.0,,,-1,-1,1987,-1,-1,-1,-1,-1
512,,,,3.5,,,-1,-1,-1,-1,-1,-1,-1,-1
513,,,,4.7,,,-1,-1,-1,-1,-1,-1,-1,-1
514,,,,3.5,,,-1,-1,-1,-1,-1,-1,-1,-1
515,,,,3.6,,,-1,-1,-1,-1,-1,-1,-1,-1
516,,,,3.9,,,-1,-1,1947,-1,-1,-1,-1,-1
517,,,,2.7,,,-1,-1,2010,-1,-1,-1,-1,-1
518,,,,4.8,,,-1,-1,2012,-1,-1,-1,-1,-1
519,,,,-1.0,,,-1,-1,-1,-1,-1,-1,-1,-1
520,,,,4.0,,,-1,-1,-1,-1,-1,-1,-1,-1
521,,,,3.8,,,-1,-1,2010,-1,-1,-1,-1,-1
522,,,,4.2,,,-1,-1,2012,-1,-1,-1,-1,-1
523,,,,3.9,,,-1,-1,1947,-1,-1,-1,-1,-1
524,,,,-1.0,,,-1,-1,-1,-1,-1,-1,-1,-1
525,,,,4.5,,,-1,-1,1980,-1,-1,-1,-1,-1
526,,,,3.5,,,-1,-1,2003,-1,-1,-1,-1,-1
527,,,,2.7,,,-1,-1,1976,-1,-1,-1,-1,-1
528,,,,3.5,,,-1,-1,2012,-1,-1,-1,-1,-1
529,,,,4.9,,,-1,-1,2016,-1,-1,-1,-1,-1
530,,,,3.6,,,-1,-1,2001,-1,-1,-1,-1,-1
531,,,,5.0,,,-1,-1,-1,-1,-1,-1,-1,-1
532,,,,3.1,,,-1,-1,2001,-1,-1,-1,-1,-1
533,,,,3.9,,,-1,-1,2009,-1,-1,-1,-1,-1
534,,,,3.4,,,-1,-1,1986,-1,-1,-1,-1,-1
535,,,,4.1,,,-1,-1,1976,-1,-1,-1,-1,-1
536,,,,4.1,,,-1,-1,1966,-1,-1,-1,-1,-1
537,,,,3.5,,,-1,-1,2011,-1,-1,-1,-1,-1
538,,,,4.3,,,-1,-1,2010,-1,-1,-1,-1,-1
539,,,,4.4,,,-1,-1,2012,-1,-1,-1,-1,-1
540,,,,3.8,,,-1,-1,1999,-1,-1,-1,-1,-1
541,,,,3.7,,,-1,-1,1908,-1,-1,-1,-1,-1
542,,,,3.9,,,-1,-1,1947,-1,-1,-1,-1,-1
543,,,,3.9,,,-1,-1,2006,-1,-1,-1,-1,-1
544,,,,3.7,,,-1,-1,1851,-1,-1,-1,-1,-1
545,,,,2.9,,,-1,-1,-1,-1,-1,-1,-1,-1
546,,,,4.6,,,-1,-1,2012,-1,-1,-1,-1,-1
547,,,,3.4,,,-1,-1,1997,-1,-1,-1,-1,-1
548,,,,4.0,,,-1,-1,1853,-1,-1,-1,-1,-1
549,,,,3.3,,,-1,-1,2003,-1,-1,-1,-1,-1
550,,,,4.3,,,-1,-1,1999,-1,-1,-1,-1,-1
551,,,,3.9,,,-1,-1,2009,-1,-1,-1,-1,-1
552,,,,3.6,,,-1,-1,2011,-1,-1,-1,-1,-1
553,,,,4.7,,,-1,-1,2008,-1,-1,-1,-1,-1
554,,,,3.6,,,-1,-1,1978,-1,-1,-1,-1,-1
555,,,,-1.0,,,-1,-1,-1,-1,-1,-1,-1,-1
556,,,,3.3,,,-1,-1,2015,-1,-1,-1,-1,-1
557,,,,3.3,,,-1,-1,1972,-1,-1,-1,-1,-1
558,,,,3.8,,,-1,-1,1996,-1,-1,-1,-1,-1
559,,,,4.5,,,-1,-1,2004,-1,-1,-1,-1,-1
560,,,,4.5,,,-1,-1,2005,-1,-1,-1,-1,-1
561,,,,3.4,,,-1,-1,2017,-1,-1,-1,-1,-1
562,,,,3.1,,,-1,-1,1974,-1,-1,-1,-1,-1
563,,,,4.0,,,-1,-1,1982,-1,-1,-1,-1,-1
564,,,,3.3,,,-1,-1,2015,-1,-1,-1,-1,-1
565,,,,4.1,,,-1,-1,1976,-1,-1,-1,-1,-1
566,,,,4.2,,,-1,-1,1996,-1,-1,-1,-1,-1
567,,,,3.9,,,-1,-1,-1,-1,-1,-1,-1,-1
568,,,,-1.0,,,-1,-1,-1,-1,-1,-1,-1,-1
569,,,,3.3,,,-1,-1,1958,-1,-1,-1,-1,-1
570,,,,3.9,,,-1,-1,1911,-1,-1,-1,-1,-1
571,,,,4.5,,,-1,-1,2003,-1,-1,-1,-1,-1
572,,,,4.2,,,-1,-1,1971,-1,-1,-1,-1,-1
573,,,,3.5,,,-1,-1,-1,-1,-1,-1,-1,-1
574,,,,4.0,,,-1,-1,1974,-1,-1,-1,-1,-1
575,,,,4.5,,,-1,-1,2010,-1,-1,-1,-1,-1
576,,,,4.5,,,-1,-1,2012,-1,-1,-1,-1,-1
577,,,,3.8,,,-1,-1,-1,-1,-1,-1,-1,-1
578,,,,3.9,,,-1,-1,1933,-1,-1,-1,-1,-1
579,,,,2.0,,,-1,-1,-1,-1,-1,-1,-1,-1
580,,,,4.8,,,-1,-1,2013,-1,-1,-1,-1,-1
581,,,,3.9,,,-1,-1,1933,-1,-1,-1,-1,-1
582,,,,3.3,,,-1,-1,1875,-1,-1,-1,-1,-1
583,,,,3.3,,,-1,-1,1958,-1,-1,-1,-1,-1
584,,,,5.0,,,-1,-1,2016,-1,-1,-1,-1,-1
585,,,,4.4,,,-1,-1,-1,-1,-1,-1,-1,-1
586,,,,3.4,,,-1,-1,1992,-1,-1,-1,-1,-1
587,,,,3.3,,,-1,-1,1996,-1,-1,-1,-1,-1
588,,,,2.9,,,-1,-1,1998,-1,-1,-1,-1,-1
589,,,,3.8,,,-1,-1,1949,-1,-1,-1,-1,-1
590,,,,3.5,,,-1,-1,-1,-1,-1,-1,-1,-1
591,,,,4.0,,,-1,-1,1913,-1,-1,-1,-1,-1
592,,,,4.0,,,-1,-1,1982,-1,-1,-1,-1,-1
593,,,,3.4,,,-1,-1,1998,-1,-1,-1,-1,-1
594,,,,3.9,,,-1,-1,1830,-1,-1,-1,-1,-1
595,,,,3.8,,,-1,-1,1947,-1,-1,-1,-1,-1
596,,,,4.5,,,-1,-1,2008,-1,-1,-1,-1,-1
597,,,,4.3,,,-1,-1,2009,-1,-1,-1,-1,-1
598,,,,3.6,,,-1,-1,-1,-1,-1,-1,-1,-1
599,,,,2.9,,,-1,-1,2005,-1,-1,-1,-1,-1
600,,,,2.9,,,-1,-1,1985,-1,-1,-1,-1,-1
601,,,,3.2,,,-1,-1,2004,-1,-1,-1,-1,-1
602,,,,4.5,,,-1,-1,1942,-1,-1,-1,-1,-1
603,,,,5.0,,,-1,-1,2011,-1,-1,-1,-1,-1
604,,,,3.5,,,-1,-1,2010,-1,-1,-1,-1,-1
605,,,,4.0,,,-1,-1,-1,-1,-1,-1,-1,-1
606,,,,4.4,,,-1,-1,1997,-1,-1,-1,-1,-1
607,,,,4.2,,,-1,-1,1999,-1,-1,-1,-1,-1
608,,,,3.2,,,-1,-1,-1,-1,-1,-1,-1,-1
609,,,,3.4,,,-1,-1,1985,-1,-1,-1,-1,-1
610,,,,4.7,,,-1,-1,-1,-1,-1,-1,-1,-1
611,,,,3.6,,,-1,-1,1997,-1,-1,-1,-1,-1
612,,,,4.2,,,-1,-1,1968,-1,-1,-1,-1,-1
613,,,,-1.0,,,-1,-1,-1,-1,-1,-1,-1,-1
614,,,,3.2,,,-1,-1,1853,-1,-1,-1,-1,-1
615,,,,-1.0,,,-1,-1,-1,-1,-1,-1,-1,-1
616,,,,2.8,,,-1,-1,1983,-1,-1,-1,-1,-1
617,,,,4.2,,,-1,-1,1999,-1,-1,-1,-1,-1
618,,,,4.5,,,-1,-1,2009,-1,-1,-1,-1,-1
619,,,,3.0,,,-1,-1,2006,-1,-1,-1,-1,-1
620,,,,3.3,,,-1,-1,1951,-1,-1,-1,-1,-1
621,,,,4.0,,,-1,-1,-1,-1,-1,-1,-1,-1
622,,,,3.5,,,-1,-1,2013,-1,-1,-1,-1,-1
623,,,,3.5,,,-1,-1,1998,-1,-1,-1,-1,-1
624,,,,3.6,,,-1,-1,1990,-1,-1,-1,-1,-1
625,,,,3.0,,,-1,-1,2012,-1,-1,-1,-1,-1
626,,,,4.0,,,-1,-1,1996,-1,-1,-1,-1,-1
627,,,,4.6,,,-1,-1,1988,-1,-1,-1,-1,-1
628,,,,4.3,,,-1,-1,2000,-1,-1,-1,-1,-1
629,,,,4.7,,,-1,-1,1994,-1,-1,-1,-1,-1
630,,,,3.7,,,-1,-1,2004,-1,-1,-1,-1,-1
631,,,,3.9,,,-1,-1,1911,-1,-1,-1,-1,-1
632,,,,4.9,,,-1,-1,2013,-1,-1,-1,-1,-1
633,,,,3.0,,,-1,-1,-1,-1,-1,-1,-1,-1
634,,,,2.5,,,-1,-1,1954,-1,-1,-1,-1,-1
635,,,,3.5,,,-1,-1,1998,-1,-1,-1,-1,-1
636,,,,5.0,,,-1,-1,2011,-1,-1,-1,-1,-1
637,,,,-1.0,,,-1,-1,-1,-1,-1,-1,-1,-1
638,,,,3.5,,,-1,-1,-1,-1,-1,-1,-1,-1
639,,,,3.0,,,-1,-1,1999,-1,-1,-1,-1,-1
640,,,,5.0,,,-1,-1,1987,-1,-1,-1,-1,-1
641,,,,4.7,,,-1,-1,-1,-1,-1,-1,-1,-1
642,,,,3.3,,,-1,-1,1992,-1,-1,-1,-1,-1
643,,,,3.3,,,-1,-1,1974,-1,-1,-1,-1,-1
644,,,,3.5,,,-1,-1,1962,-1,-1,-1,-1,-1
645,,,,4.1,,,-1,-1,1976,-1,-1,-1,-1,-1
646,,,,3.5,,,-1,-1,-1,-1,-1,-1,-1,-1
647,,,,3.9,,,-1,-1,1947,-1,-1,-1,-1,-1
648,,,,4.7,,,-1,-1,2008,-1,-1,-1,-1,-1
649,,,,4.8,,,-1,-1,2012,-1,-1,-1,-1,-1
650,,,,-1.0,,,-1,-1,-1,-1,-1,-1,-1,-1
651,,,,4.0,,,-1,-1,1913,-1,-1,-1,-1,-1
652,,,,3.8,,,-1,-1,2009,-1,-1,-1,-1,-1
653,,,,3.8,,,-1,-1,1996,-1,-1,-1,-1,-1
654,,,,2.7,,,-1,-1,2010,-1,-1,-1,-1,-1
655,,,,4.0,,,-1,-1,-1,-1,-1,-1,-1,-1
656,,,,-1.0,,,-1,-1,-1,-1,-1,-1,-1,-1
657,,,,-1.0,,,-1,-1,-1,-1,-1,-1,-1,-1
658,,,,3.8,,,-1,-1,2010,-1,-1,-1,-1,-1
659,,,,3.2,,,-1,-1,2018,-1,-1,-1,-1,-1
660,,,,-1.0,,,-1,-1,-1,-1,-1,-1,-1,-1
661,,,,3.6,,,-1,-1,-1,-1,-1,-1,-1,-1
662,,,,4.4,,,-1,-1,-1,-1,-1,-1,-1,-1
663,,,,4.1,,,-1,-1,2004,-1,-1,-1,-1,-1
664,,,,-1.0,,,-1,-1,-1,-1,-1,-1,-1,-1
665,,,,3.8,,,-1,-1,2005,-1,-1,-1,-1,-1
666,,,,4.0,,,-1,-1,2010,-1,-1,-1,-1,-1
667,,,,3.6,,,-1,-1,1989,-1,-1,-1,-1,-1
668,,,,-1.0,,,-1,-1,-1,-1,-1,-1,-1,-1
669,,,,-1.0,,,-1,-1,-1,-1,-1,-1,-1,-1
670,,,,5.0,,,-1,-1,-1,-1,-1,-1,-1,-1
671,,,,2.7,,,-1,-1,1976,-1,-1,-1,-1,-1
